id;identification;pais;provincia;partido;localidad;calle;altura;region;subregion;hub;barrios_especiales;codigo_postal;tipo_calle;zona_competencia;intersection_left;intersection_right;street_type;latitud;longitud;elementos_de_red
communities;Alabama hack payment;programming Chips transmit;Licensed Metrics Frozen;National bandwidth-monitored Venezuela;forecast;Tasty;1696;enable deposit;Incredible withdrawal Vatu;Concrete programming;e-enable hacking Card;Strategist B2B scale;open-source;fresh-thinking;Yuan;Branding;monitoring;CSS;Republic empower;Internal
Avon Baby interface;e-enable;Unbranded Spurs;Litas Open-architected;SDD holistic invoice;Bedfordshire Generic;Account;25870;markets transparent maroon;Tasty Tactics;Corporate Assistant mindshare;Brooks AI Avon;Bedfordshire New;Intelligent;Point Frozen;Strategist quantifying cross-platform;Trail;Concrete;Tools Road Granite;wireless applications;yellow
Italy PCI;Tasty;generate Gateway;deposit;AGP;silver front-end Cambridgeshire;matrix card;63984;user-facing;Kids Incredible;circuit dot-com models;Azerbaijan Stream;Missouri Money;Proactive;engage Investment;magnetic Accountability;Organized Ridge;bleeding-edge;Pound;Total orchid payment;Uruguay Distributed
Account;SCSI Arkansas 3rd;Interactions;Tasty;connect distributed;Cheese;metrics Granite Orchestrator;99468;leverage Health generating;virtual redundant content;Graphical Team-oriented lime;Games Automotive programming;indexing Brooks;killer New Circles;Checking client-driven;De-engineered;Grass-roots Metal Plastic;executive hacking Credit;Solutions Shirt e-services;withdrawal Silver;EXE web-readiness
Avon Dynamic;Fresh boliviano;Specialist Buckinghamshire Pound;silver;Row HDD Cheese;Principal compress Strategist;Intelligent Human;40569;Bedfordshire XSS;AGP Mobility Danish;needs-based;Idaho open-source;functionalities incubate;plum Gloves;Cotton Island;Liaison invoice Rupee;index efficient;green;benchmark;Tennessee applications North;olive
Springs Accountability;application;quantifying;bifurcated Hill;New Shoes payment;Avon leverage;teal Berkshire Pound;83828;Run;alarm leading-edge;white Jewelery;Branding payment;Corporate Fish;digital background;green Business-focused Tasty;well-modulated User-friendly;Montana;Barbados infrastructures Producer;Key Orchestrator Intelligent;bus;Pizza Tasty Shirt
Investment systematic Web;solution Car Borders;bus Michigan synthesizing;auxiliary bypassing;orange Open-source;Colon;Bike;21853;modular JBOD;Avenue;Rhode system;wireless Interface;bus Tunnel;Frozen hardware olive;Home Cotton Home;virtual;Marketing Florida Specialist;Benin;leverage payment Associate;Central;Wisconsin driver
technologies compress Incredible;transmitting Pizza monitor;green invoice Implementation;Ergonomic alarm;Hat;Mauritius;synthesizing;5037;mint functionalities;monitoring Money;Buckinghamshire;Fantastic Integrated bus;deliverables Practical cutting-edge;quantifying Samoa;users Virginia Nigeria;Plastic Investor;payment;Books;Ergonomic bluetooth;Manat Maine multi-byte;synthesize Account hack
Metal Gorgeous;Courts technologies Rubber;wireless Tools Loan;partnerships deposit Bedfordshire;deposit withdrawal bypassing;Mount interactive Bulgaria;architecture Checking;51112;Small;compressing Tools;strategize;withdrawal Dynamic open-source;Knoll;Small;Intelligent;Hat;Chair;connect Generic;services niches;virtual;global
actuating;Austria capability;withdrawal;Wooden;transmitting navigate bypass;Solutions;Home Tennessee;426;Utah Unbranded;Practical calculate View;viral;synthesizing RAM interfaces;Netherlands circuit;impactful Rustic Knoll;Bedfordshire Health extend;alarm Consultant Serbian;Gibraltar Direct;enterprise Republic;Baby Secured;Berkshire;revolutionize Customer-focused Azerbaijan
