id;telefono;apellido;celular;mail;nombre;repcom_1;repcom_2
1;monitor neural;SDR;Persevering copying fuchsia;synergy parsing;utilize;Face;payment
2;invoice;Grocery Steel;Som;Savings architecture;virtual Trail;withdrawal;Tasty Avon
3;Pants;quantifying Morocco GB;Table Mouse Outdoors;Creek background;Granite Germany reboot;capacitor;function
4;Borders navigating Technician;CFA Circles;real-time;database Health hack;actuating Account Massachusetts;Wells cross-platform program;Shoes
5;budgetary;Avon Caribbean;Indonesia;Pants parse;mesh;best-of-breed;Soap bandwidth
6;Solutions invoice alarm;Central deposit Virgin;background Cheese;Interface Architect Principal;Re-engineered Fantastic User-centric;partnerships;quantifying
7;Gloves Lead sexy;Home;Group Berkshire leverage;circuit payment Views;olive;didactic Credit bypassing;Reverse-engineered deposit wireless
8;transmitting Security engineer;e-services reciprocal;quantifying Handcrafted;Consultant Berkshire Rubber;Engineer;gold Illinois payment;California Operative uniform
9;Chief;Fish bandwidth Massachusetts;distributed;withdrawal Identity Infrastructure;reinvent;RSS matrix;overriding Engineer Multi-lateral
10;Sleek Metal Director;online global compelling;Supervisor Shirt;primary Macao Investment;Avon Fish Persevering;Cedi;Buckinghamshire
